"Path","Width","Height","Length","LastWriteTime"
"C:\Users\chenchen.zhang\Documents\xwechat_files\chriszcc_0ba7\business\favorite\temp\f1cd815b9f2267013d4ef4fb30f4e6c5.jpg","1920","911","130238","2026/5/12 20:09:36"
"C:\Users\chenchen.zhang\AppData\Local\Temp\ScreenShot_2026-05-12_200936_121.png","1920","911","163596","2026/5/12 20:09:36"
"C:\Users\chenchen.zhang\Documents\xwechat_files\chriszcc_0ba7\business\favorite\temp\2ca6956790a033b3bd9f8a8b612cd06e.jpg","1920","911","143477","2026/5/12 20:09:28"
"C:\Users\chenchen.zhang\AppData\Local\Temp\ScreenShot_2026-05-12_200928_380.png","1920","911","210264","2026/5/12 20:09:28"
"C:\Users\chenchen.zhang\Documents\xwechat_files\chriszcc_0ba7\business\favorite\temp\21cfea50879e5ada3df3be9cbe387106.jpg","1920","911","155332","2026/5/12 20:09:22"
"C:\Users\chenchen.zhang\AppData\Local\Temp\ScreenShot_2026-05-12_200922_892.png","1920","911","305847","2026/5/12 20:09:22"
"C:\Users\chenchen.zhang\Documents\xwechat_files\chriszcc_0ba7\business\favorite\temp\58020fdb123e6b1b3ab82a5d6f963c2f.jpg","1920","911","155402","2026/5/12 20:09:12"
"C:\Users\chenchen.zhang\AppData\Local\Temp\ScreenShot_2026-05-12_200912_212.png","1920","911","322064","2026/5/12 20:09:12"
"C:\Users\chenchen.zhang\Documents\xwechat_files\chriszcc_0ba7\business\favorite\temp\43778b315bfdef31c065d3f62fd514f8.jpg","1920","911","162050","2026/5/12 20:08:59"
"C:\Users\chenchen.zhang\AppData\Local\Temp\ScreenShot_2026-05-12_200859_492.png","1920","911","331359","2026/5/12 20:08:59"
"C:\Users\chenchen.zhang\Documents\xwechat_files\chriszcc_0ba7\business\favorite\temp\2c74c732f01e1f52bd76ee87668291fa.jpg","1920","911","192778","2026/5/12 20:08:46"
"C:\Users\chenchen.zhang\AppData\Local\Temp\ScreenShot_2026-05-12_200846_051.png","1920","911","249078","2026/5/12 20:08:46"
"C:\Users\chenchen.zhang\Documents\xwechat_files\chriszcc_0ba7\business\favorite\temp\3554a0fbeb66435a25b9d71791c074d5.jpg","1920","911","191925","2026/5/12 20:08:35"
"C:\Users\chenchen.zhang\AppData\Local\Temp\ScreenShot_2026-05-12_200835_267.png","1920","911","242296","2026/5/12 20:08:35"
"C:\Users\chenchen.zhang\Documents\xwechat_files\chriszcc_0ba7\business\favorite\temp\466517e9dd47b5a205418325e8890e63.jpg","1920","911","201220","2026/5/12 20:08:20"
"C:\Users\chenchen.zhang\AppData\Local\Temp\ScreenShot_2026-05-12_200820_724.png","1920","911","252129","2026/5/12 20:08:20"
"C:\Users\chenchen.zhang\Documents\xwechat_files\chriszcc_0ba7\business\favorite\temp\d2c36dedce59d555d505e63b7781a687.jpg","3812","999","386956","2026/5/12 20:07:40"
"C:\Users\chenchen.zhang\AppData\Local\Temp\ScreenShot_2026-05-12_200740_215.png","3812","999","508750","2026/5/12 20:07:40"
"C:\Users\chenchen.zhang\Documents\xwechat_files\chriszcc_0ba7\temp\RWTemp\2026-05\dcca521bded865dffcb12a1848ccde9d.jpg","4096","3072","3292528","2026/5/12 19:25:29"
"C:\Users\chenchen.zhang\AppData\Local\Temp\seatalk_img_1778585099642","1600","1199","366029","2026/5/12 19:25:00"
"C:\Users\chenchen.zhang\AppData\Local\Temp\seatalk_img_1778585093853","1600","1199","429670","2026/5/12 19:24:53"
"C:\Users\chenchen.zhang\AppData\Local\Temp\seatalk_img_1778585087229","1599","1199","190321","2026/5/12 19:24:47"
"C:\Users\chenchen.zhang\AppData\Local\Temp\seatalk_img_1778584931966","1600","1200","166112","2026/5/12 19:22:11"
"C:\Users\chenchen.zhang\Documents\xwechat_files\chriszcc_0ba7\temp\RWTemp\2026-05\b7147fc1ac53ceb29535bd66d0bbbd79.jpg","1706","1279","192220","2026/5/12 19:21:43"
"C:\Users\chenchen.zhang\Documents\xwechat_files\chriszcc_0ba7\temp\RWTemp\2026-05\2d7463eccdf2168fb3cf57fdb97b64b7.jpg","4096","3072","3018060","2026/5/12 19:21:13"
"C:\Users\chenchen.zhang\AppData\Local\Temp\seatalk_img_1778584860324","4032","3024","2913510","2026/5/12 19:21:00"
"C:\Users\chenchen.zhang\AppData\Local\Temp\seatalk_img_1778584708445","1600","1200","192958","2026/5/12 19:18:28"
"C:\Users\chenchen.zhang\AppData\Local\Temp\seatalk_img_1778584645998","1600","1200","192958","2026/5/12 19:17:26"
"C:\Users\chenchen.zhang\Documents\xwechat_files\chriszcc_0ba7\temp\RWTemp\2026-05\afd85261416c8c03b423c757a16e90ca\c7bb63b21c611caebeb69f3c4b095a24.jpg","1280","1707","229657","2026/5/12 12:34:25"
"C:\Users\chenchen.zhang\Documents\xwechat_files\chriszcc_0ba7\business\favorite\temp\752adc7a09b96048acc284d348b09950.jpg","1308","845","278242","2026/5/12 12:28:32"
"C:\Users\chenchen.zhang\AppData\Local\Temp\ScreenShot_2026-05-12_122830_904.png","1308","845","177625","2026/5/12 12:28:30"
"C:\Users\chenchen.zhang\Documents\xwechat_files\chriszcc_0ba7\business\favorite\temp\0ab7ef5eb9b080f50ca4ba61080b84c8.jpg","1920","911","214514","2026/5/12 12:25:48"
"C:\Users\chenchen.zhang\AppData\Local\Temp\ScreenShot_2026-05-12_122548_637.png","1920","911","844755","2026/5/12 12:25:48"
"C:\Users\chenchen.zhang\AppData\Local\Temp\ScreenShot_2026-05-12_120047_450.png","1283","684","483382","2026/5/12 12:00:47"
"C:\Users\chenchen.zhang\Documents\xwechat_files\chriszcc_0ba7\business\favorite\temp\eef077f336332e03a858b168c86bdc41.jpg","1204","630","120224","2026/5/12 11:21:49"
"C:\Users\chenchen.zhang\AppData\Local\Temp\ScreenShot_2026-05-12_112148_744.png","1204","630","412567","2026/5/12 11:21:48"
"C:\Users\chenchen.zhang\Documents\xwechat_files\chriszcc_0ba7\business\favorite\temp\1eeb7de7f792d7f3bf228b9b1a4eb8d6.jpg","1179","664","114846","2026/5/12 11:20:42"
"C:\Users\chenchen.zhang\AppData\Local\Temp\ScreenShot_2026-05-12_112041_938.png","1179","664","550847","2026/5/12 11:20:42"
"C:\Users\chenchen.zhang\Documents\xwechat_files\chriszcc_0ba7\business\favorite\temp\2cb127371472ddbaa4ed756121c11462.jpg","1235","607","180852","2026/5/12 11:20:37"
"C:\Users\chenchen.zhang\AppData\Local\Temp\ScreenShot_2026-05-12_112037_012.png","1235","607","563092","2026/5/12 11:20:37"
"C:\Users\chenchen.zhang\AppData\Local\Temp\gng_xlsx_6129bbfb4b94459f8593d540f0543ef4\[Master Sheet] GNG Core combat FGD May 2026_unzipped\xl\media\image1.jpg","1875","2500","994315","2026/5/11 23:24:16"
"C:\Users\chenchen.zhang\AppData\Local\Temp\gng_xlsx_6129bbfb4b94459f8593d540f0543ef4\survey result_unzipped\xl\media\image1.jpg","1875","2500","994315","2026/5/11 23:24:14"
